{
	"IcoMoonType": "selection",
	"icons": [
		{
			"icon": {
				"paths": [
					"M1024 397.050l-353.78-51.408-158.22-320.582-158.216 320.582-353.784 51.408 256 249.538-60.432 352.352 316.432-166.358 316.432 166.358-60.434-352.352 256.002-249.538z"
				],
				"tags": [
					"star",
					"rate",
					"favorite",
					"bookmark"
				],
				"grid": 16
			},
			"properties": {
				"id": 208,
				"order": 1,
				"prevSize": 32,
				"code": 58880,
				"name": "star",
				"ligatures": ""
			},
			"setIdx": 0,
			"iconIdx": 208
		},
		{
			"icon": {
				"paths": [
					"M1024 397.050l-353.78-51.408-158.22-320.582-158.216 320.582-353.784 51.408 256 249.538-60.432 352.352 316.432-166.358 316.432 166.358-60.434-352.352 256.002-249.538zM512 753.498l-223.462 117.48 42.676-248.83-180.786-176.222 249.84-36.304 111.732-226.396 111.736 226.396 249.836 36.304-180.788 176.222 42.678 248.83-223.462-117.48z"
				],
				"tags": [
					"star",
					"rate",
					"favorite",
					"bookmark"
				],
				"grid": 16
			},
			"properties": {
				"id": 206,
				"order": 2,
				"prevSize": 32,
				"code": 58881,
				"name": "star2",
				"ligatures": ""
			},
			"setIdx": 0,
			"iconIdx": 206
		},
		{
			"icon": {
				"paths": [
					"M0 416v192c0 17.672 14.328 32 32 32h960c17.672 0 32-14.328 32-32v-192c0-17.672-14.328-32-32-32h-960c-17.672 0-32 14.328-32 32z"
				],
				"tags": [
					"minus",
					"minimize",
					"subtract"
				],
				"grid": 16
			},
			"properties": {
				"id": 257,
				"order": 3,
				"prevSize": 32,
				"code": 58882,
				"name": "minus",
				"ligatures": ""
			},
			"setIdx": 0,
			"iconIdx": 257
		},
		{
			"icon": {
				"paths": [
					"M992 384h-352v-352c0-17.672-14.328-32-32-32h-192c-17.672 0-32 14.328-32 32v352h-352c-17.672 0-32 14.328-32 32v192c0 17.672 14.328 32 32 32h352v352c0 17.672 14.328 32 32 32h192c17.672 0 32-14.328 32-32v-352h352c17.672 0 32-14.328 32-32v-192c0-17.672-14.328-32-32-32z"
				],
				"tags": [
					"plus",
					"add",
					"sum"
				],
				"grid": 16
			},
			"properties": {
				"id": 258,
				"order": 4,
				"prevSize": 32,
				"code": 58883,
				"name": "plus",
				"ligatures": ""
			},
			"setIdx": 0,
			"iconIdx": 258
		}
	],
	"height": 1024,
	"metadata": {
		"name": "icomoon"
	},
	"preferences": {
		"fontPref": {
			"prefix": "icon-",
			"metadata": {
				"fontFamily": "icomoon"
			},
			"showGlyphs": true,
			"metrics": {
				"emSize": 512,
				"baseline": 6.25,
				"whitespace": 50
			},
			"resetPoint": 58880,
			"showQuickUse": true,
			"quickUsageToken": false,
			"showMetrics": true,
			"showMetadata": false
		},
		"imagePref": {
			"color": 0,
			"height": 32,
			"columns": 16,
			"margin": 16,
			"png": false,
			"sprites": true
		},
		"historySize": 100,
		"showCodes": true,
		"gridSize": 16,
		"showLiga": false,
		"showGrid": true,
		"showGlyphs": true,
		"showQuickUse": true
	}
}